level,area,h1_2025,h1_2026,net_change,change_pct,source_report,source_csv
national,England and Wales,7620,7756,136,1.8,https://commercialmortgagesbroker.co.uk/research/commercial-property/2026-q3,https://commercialmortgagesbroker.co.uk/data/commercial-reports/2026-q3/england-and-wales.csv
region,East of England,705,709,4,0.6,https://commercialmortgagesbroker.co.uk/research/commercial-property/2026-q3/east-of-england,https://commercialmortgagesbroker.co.uk/data/commercial-reports/2026-q3/east-of-england.csv
region,London & South East,2404,2520,116,4.8,https://commercialmortgagesbroker.co.uk/research/commercial-property/2026-q3/london-and-south-east,https://commercialmortgagesbroker.co.uk/data/commercial-reports/2026-q3/london-and-south-east.csv
region,Midlands,1203,1290,87,7.2,https://commercialmortgagesbroker.co.uk/research/commercial-property/2026-q3/midlands,https://commercialmortgagesbroker.co.uk/data/commercial-reports/2026-q3/midlands.csv
region,North East & Yorkshire,962,992,30,3.1,https://commercialmortgagesbroker.co.uk/research/commercial-property/2026-q3/north-east-and-yorkshire,https://commercialmortgagesbroker.co.uk/data/commercial-reports/2026-q3/north-east-and-yorkshire.csv
region,North West,1125,1032,-93,-8.3,https://commercialmortgagesbroker.co.uk/research/commercial-property/2026-q3/north-west,https://commercialmortgagesbroker.co.uk/data/commercial-reports/2026-q3/north-west.csv
region,South West,815,840,25,3.1,https://commercialmortgagesbroker.co.uk/research/commercial-property/2026-q3/south-west,https://commercialmortgagesbroker.co.uk/data/commercial-reports/2026-q3/south-west.csv
region,Wales,406,373,-33,-8.1,https://commercialmortgagesbroker.co.uk/research/commercial-property/2026-q3/wales,https://commercialmortgagesbroker.co.uk/data/commercial-reports/2026-q3/wales.csv
county,Bedfordshire,62,83,21,33.9,https://commercialmortgagesbroker.co.uk/research/commercial-property/2026-q3/counties/bedfordshire,https://commercialmortgagesbroker.co.uk/data/commercial-reports/2026-q3/county-bedfordshire.csv
county,Berkshire,157,145,-12,-7.6,https://commercialmortgagesbroker.co.uk/research/commercial-property/2026-q3/counties/berkshire,https://commercialmortgagesbroker.co.uk/data/commercial-reports/2026-q3/county-berkshire.csv
county,Bristol and South Gloucestershire,119,114,-5,-4.2,https://commercialmortgagesbroker.co.uk/research/commercial-property/2026-q3/counties/bristol,https://commercialmortgagesbroker.co.uk/data/commercial-reports/2026-q3/county-bristol.csv
county,Buckinghamshire,88,106,18,20.5,https://commercialmortgagesbroker.co.uk/research/commercial-property/2026-q3/counties/buckinghamshire,https://commercialmortgagesbroker.co.uk/data/commercial-reports/2026-q3/county-buckinghamshire.csv
county,Cambridgeshire,88,74,-14,-15.9,https://commercialmortgagesbroker.co.uk/research/commercial-property/2026-q3/counties/cambridgeshire,https://commercialmortgagesbroker.co.uk/data/commercial-reports/2026-q3/county-cambridgeshire.csv
county,Cheshire,129,119,-10,-7.8,https://commercialmortgagesbroker.co.uk/research/commercial-property/2026-q3/counties/cheshire,https://commercialmortgagesbroker.co.uk/data/commercial-reports/2026-q3/county-cheshire.csv
county,Cornwall,82,103,21,25.6,https://commercialmortgagesbroker.co.uk/research/commercial-property/2026-q3/counties/cornwall,https://commercialmortgagesbroker.co.uk/data/commercial-reports/2026-q3/county-cornwall.csv
county,County Durham,110,114,4,3.6,https://commercialmortgagesbroker.co.uk/research/commercial-property/2026-q3/counties/county-durham,https://commercialmortgagesbroker.co.uk/data/commercial-reports/2026-q3/county-county-durham.csv
county,Cumbria,101,89,-12,-11.9,https://commercialmortgagesbroker.co.uk/research/commercial-property/2026-q3/counties/cumbria,https://commercialmortgagesbroker.co.uk/data/commercial-reports/2026-q3/county-cumbria.csv
county,Derbyshire,118,146,28,23.7,https://commercialmortgagesbroker.co.uk/research/commercial-property/2026-q3/counties/derbyshire,https://commercialmortgagesbroker.co.uk/data/commercial-reports/2026-q3/county-derbyshire.csv
county,Devon,160,180,20,12.5,https://commercialmortgagesbroker.co.uk/research/commercial-property/2026-q3/counties/devon,https://commercialmortgagesbroker.co.uk/data/commercial-reports/2026-q3/county-devon.csv
county,Dorset,127,136,9,7.1,https://commercialmortgagesbroker.co.uk/research/commercial-property/2026-q3/counties/dorset,https://commercialmortgagesbroker.co.uk/data/commercial-reports/2026-q3/county-dorset.csv
county,East Riding of Yorkshire,89,108,19,21.3,https://commercialmortgagesbroker.co.uk/research/commercial-property/2026-q3/counties/east-riding-of-yorkshire,https://commercialmortgagesbroker.co.uk/data/commercial-reports/2026-q3/county-east-riding-of-yorkshire.csv
county,East Sussex,104,164,60,57.7,https://commercialmortgagesbroker.co.uk/research/commercial-property/2026-q3/counties/east-sussex,https://commercialmortgagesbroker.co.uk/data/commercial-reports/2026-q3/county-east-sussex.csv
county,Essex,207,225,18,8.7,https://commercialmortgagesbroker.co.uk/research/commercial-property/2026-q3/counties/essex,https://commercialmortgagesbroker.co.uk/data/commercial-reports/2026-q3/county-essex.csv
county,Gloucestershire,105,99,-6,-5.7,https://commercialmortgagesbroker.co.uk/research/commercial-property/2026-q3/counties/gloucestershire,https://commercialmortgagesbroker.co.uk/data/commercial-reports/2026-q3/county-gloucestershire.csv
county,Greater London,1250,1277,27,2.2,https://commercialmortgagesbroker.co.uk/research/commercial-property/2026-q3/counties/greater-london,https://commercialmortgagesbroker.co.uk/data/commercial-reports/2026-q3/county-greater-london.csv
county,Greater Manchester,393,394,1,0.3,https://commercialmortgagesbroker.co.uk/research/commercial-property/2026-q3/counties/greater-manchester,https://commercialmortgagesbroker.co.uk/data/commercial-reports/2026-q3/county-greater-manchester.csv
county,Hampshire,208,199,-9,-4.3,https://commercialmortgagesbroker.co.uk/research/commercial-property/2026-q3/counties/hampshire,https://commercialmortgagesbroker.co.uk/data/commercial-reports/2026-q3/county-hampshire.csv
county,Hertfordshire,129,107,-22,-17.1,https://commercialmortgagesbroker.co.uk/research/commercial-property/2026-q3/counties/hertfordshire,https://commercialmortgagesbroker.co.uk/data/commercial-reports/2026-q3/county-hertfordshire.csv
county,Kent,230,318,88,38.3,https://commercialmortgagesbroker.co.uk/research/commercial-property/2026-q3/counties/kent,https://commercialmortgagesbroker.co.uk/data/commercial-reports/2026-q3/county-kent.csv
county,Lancashire,225,240,15,6.7,https://commercialmortgagesbroker.co.uk/research/commercial-property/2026-q3/counties/lancashire,https://commercialmortgagesbroker.co.uk/data/commercial-reports/2026-q3/county-lancashire.csv
county,Leicestershire,115,115,0,0.0,https://commercialmortgagesbroker.co.uk/research/commercial-property/2026-q3/counties/leicestershire,https://commercialmortgagesbroker.co.uk/data/commercial-reports/2026-q3/county-leicestershire.csv
county,Lincolnshire,164,144,-20,-12.2,https://commercialmortgagesbroker.co.uk/research/commercial-property/2026-q3/counties/lincolnshire,https://commercialmortgagesbroker.co.uk/data/commercial-reports/2026-q3/county-lincolnshire.csv
county,Merseyside,274,188,-86,-31.4,https://commercialmortgagesbroker.co.uk/research/commercial-property/2026-q3/counties/merseyside,https://commercialmortgagesbroker.co.uk/data/commercial-reports/2026-q3/county-merseyside.csv
county,Norfolk,129,116,-13,-10.1,https://commercialmortgagesbroker.co.uk/research/commercial-property/2026-q3/counties/norfolk,https://commercialmortgagesbroker.co.uk/data/commercial-reports/2026-q3/county-norfolk.csv
county,North Yorkshire,152,152,0,0.0,https://commercialmortgagesbroker.co.uk/research/commercial-property/2026-q3/counties/north-yorkshire,https://commercialmortgagesbroker.co.uk/data/commercial-reports/2026-q3/county-north-yorkshire.csv
county,Northamptonshire,77,79,2,2.6,https://commercialmortgagesbroker.co.uk/research/commercial-property/2026-q3/counties/northamptonshire,https://commercialmortgagesbroker.co.uk/data/commercial-reports/2026-q3/county-northamptonshire.csv
county,Northumberland,37,45,8,21.6,https://commercialmortgagesbroker.co.uk/research/commercial-property/2026-q3/counties/northumberland,https://commercialmortgagesbroker.co.uk/data/commercial-reports/2026-q3/county-northumberland.csv
county,Nottinghamshire,141,136,-5,-3.5,https://commercialmortgagesbroker.co.uk/research/commercial-property/2026-q3/counties/nottinghamshire,https://commercialmortgagesbroker.co.uk/data/commercial-reports/2026-q3/county-nottinghamshire.csv
county,Oxfordshire,72,83,11,15.3,https://commercialmortgagesbroker.co.uk/research/commercial-property/2026-q3/counties/oxfordshire,https://commercialmortgagesbroker.co.uk/data/commercial-reports/2026-q3/county-oxfordshire.csv
county,Shropshire,70,86,16,22.9,https://commercialmortgagesbroker.co.uk/research/commercial-property/2026-q3/counties/shropshire,https://commercialmortgagesbroker.co.uk/data/commercial-reports/2026-q3/county-shropshire.csv
county,Somerset,139,144,5,3.6,https://commercialmortgagesbroker.co.uk/research/commercial-property/2026-q3/counties/somerset,https://commercialmortgagesbroker.co.uk/data/commercial-reports/2026-q3/county-somerset.csv
county,South Yorkshire,134,137,3,2.2,https://commercialmortgagesbroker.co.uk/research/commercial-property/2026-q3/counties/south-yorkshire,https://commercialmortgagesbroker.co.uk/data/commercial-reports/2026-q3/county-south-yorkshire.csv
county,Staffordshire,106,101,-5,-4.7,https://commercialmortgagesbroker.co.uk/research/commercial-property/2026-q3/counties/staffordshire,https://commercialmortgagesbroker.co.uk/data/commercial-reports/2026-q3/county-staffordshire.csv
county,Suffolk,90,104,14,15.6,https://commercialmortgagesbroker.co.uk/research/commercial-property/2026-q3/counties/suffolk,https://commercialmortgagesbroker.co.uk/data/commercial-reports/2026-q3/county-suffolk.csv
county,Surrey,184,107,-77,-41.8,https://commercialmortgagesbroker.co.uk/research/commercial-property/2026-q3/counties/surrey,https://commercialmortgagesbroker.co.uk/data/commercial-reports/2026-q3/county-surrey.csv
county,Tyne and Wear,147,158,11,7.5,https://commercialmortgagesbroker.co.uk/research/commercial-property/2026-q3/counties/tyne-and-wear,https://commercialmortgagesbroker.co.uk/data/commercial-reports/2026-q3/county-tyne-and-wear.csv
county,Warwickshire,61,63,2,3.3,https://commercialmortgagesbroker.co.uk/research/commercial-property/2026-q3/counties/warwickshire,https://commercialmortgagesbroker.co.uk/data/commercial-reports/2026-q3/county-warwickshire.csv
county,West Midlands,296,336,40,13.5,https://commercialmortgagesbroker.co.uk/research/commercial-property/2026-q3/counties/west-midlands,https://commercialmortgagesbroker.co.uk/data/commercial-reports/2026-q3/county-west-midlands.csv
county,West Sussex,92,96,4,4.3,https://commercialmortgagesbroker.co.uk/research/commercial-property/2026-q3/counties/west-sussex,https://commercialmortgagesbroker.co.uk/data/commercial-reports/2026-q3/county-west-sussex.csv
county,West Yorkshire,235,246,11,4.7,https://commercialmortgagesbroker.co.uk/research/commercial-property/2026-q3/counties/west-yorkshire,https://commercialmortgagesbroker.co.uk/data/commercial-reports/2026-q3/county-west-yorkshire.csv
county,Wiltshire,83,62,-21,-25.3,https://commercialmortgagesbroker.co.uk/research/commercial-property/2026-q3/counties/wiltshire,https://commercialmortgagesbroker.co.uk/data/commercial-reports/2026-q3/county-wiltshire.csv
county,Worcestershire,80,77,-3,-3.8,https://commercialmortgagesbroker.co.uk/research/commercial-property/2026-q3/counties/worcestershire,https://commercialmortgagesbroker.co.uk/data/commercial-reports/2026-q3/county-worcestershire.csv
